"","area_geografica","mean","median","sd"
"1","1",133070.095571083,80000,284512.878685619
"2","2",124327.150768613,65000,223262.740956827
"3","3",89335.2906915744,36000,120776.560374475
"4","5",63251.0143020173,24172.4701145,79393.8365481051
"5","4",47546.9095304452,10476.0145237,66553.1267669684
